﻿<?xml version="1.0" encoding="utf-8" standalone="no" ?>
<modDesc descVersion="53">
    <author>Dazed</author>
    <!--A big thanks to 20MM Normandy for letting me use their hedge models/-->
    <version>1.1.0.0</version>
    <title>
        <en>Williamson Commercial Grain Farms</en>
        <de>Williamson Kommerzielle Getreidefarmen</de>
        <fr>Fermes Céréalières Commerciales Williamson</fr>
    </title>
    <description>
        <en><![CDATA[A large Arable farm which specialises in the cultivation and commercial storage of grains. Storing on average 10Million litres of grain across their two commercial sheds. 

Price : £250 000
Capacity: 185000L
Seasons Supported

The fuel silo in the yard is functional but needs to be refilled at the Grainpit. 

The silo only hold 185K litres to simulate a graindryer.  the full 10M Litres of storage is by emptying the crop from the shutes (using conveyors) into the grain sheds and then bucketing it back out with a wheel loader or telehandler when selling the crop. 

The concrete square on the side is for fertilizer and herbicide tanks as in the UK they need a catchment system to be legal.

Changelog 1.1.0.0:

- Updated the description
- Removed trees that wouldn't load for all players to reduce file size
- Improved shoot visuals by adding a rubber tube.
- Added a non-realistic version of the shed with 10M Litres of storage in the silo. 
- Removed the concrete Pad
- Redesigned the graindryer]]></en>
        <de><![CDATA[Ein großer Ackerbaubetrieb, der sich auf den Anbau und die kommerzielle Lagerung von Getreide spezialisiert hat. Die Schuppen lagern durchschnittlich 10 Millionen Liter an Getreide.

Preis: 250 000€
Kapazität: 185 000L
Seasons Supported

Das Brennstoffsilo auf dem Hof ​​ist funktionstüchtig, muss aber an der Korngrube nachgefüllt werden.

Das Silo fasst nur 185K Liter, um einen Getreidetrockner zu simulieren. die vollen 10 Mio. Liter Speicher werden durch Entleeren des Ernteguts (mit Hilfe von Förderbändern) in die Getreideschuppen und anschließendes Ausschütten mit einem Radlader oder Teleskoplader beim Verkauf des Ernteguts erreicht.

Der Betonquadrat an der Seite ist für Dünger- und Herbizidtanks, da sie in Großbritannien ein Auffangsystem benötigen, um legal zu sein.

Änderungsprotokoll 1.1.0.0:

- Beschreibung aktualisiert
- Bäume entfernt, die nicht für alle Spieler geladen wurden, um die Dateigröße zu reduzieren
- Verbesserte Shooting-Visuals durch Hinzufügen eines Gummischlauchs.
- Eine unrealistische Version des Schuppens mit 10 Millionen Litern Stauraum im Silo hinzugefügt.
- Betonplatte entfernt
- Getreidetrockner überarbeitet]]></de>
        <fr><![CDATA[Une grande ferme arable qui se spécialise dans la culture et le stockage commercial des céréales. Stockage en moyenne de 10 millions de litres de céréales dans leurs deux hangars commerciaux. 

Prix ​​: 250 000€ 
Capacité: 185000L 
Seasons Supported

Le silo de carburant dans la cour est fonctionnel mais doit être rempli au Grainpit.

Le silo ne contient que 185 000 litres pour simuler un séchoir à grains. le plein de 10 millions de litres de stockage consiste à vider la récolte des barrières (à l'aide de convoyeurs) dans les hangars à grains, puis à la réinstaller avec une chargeuse sur pneus ou un chariot télescopique lors de la vente de la récolte.

Le carré en béton sur le côté est destiné aux réservoirs d'engrais et d'herbicides car au Royaume-Uni, ils ont besoin d'un système de captage pour être légal.

Journal des modifications 1.1.0.0 :

- Mise à jour de la description
- Suppression des arbres qui ne se chargeaient pas pour tous les joueurs afin de réduire la taille du fichier
- Amélioration des visuels de tournage en ajoutant un tube en caoutchouc.
- Ajout d'une version non réaliste du hangar avec 10 millions de litres de stockage dans le silo.
- Suppression de la dalle de béton
- Refonte du séchoir à grains]]></fr>
    </description>
    <iconFilename>Store_Icon.dds</iconFilename>
    <multiplayer supported="true"/>
    <storeItems>
        <storeItem xmlFilename="FS19_WIlliamson_Grain_Farms.xml"/>
        <storeItem xmlFilename="FS19_WIlliamson_Grain_Farms_Unreal.xml"/>
    </storeItems>
    <l10n>
        <text name="action_lightSwitchON">
            <en>Lights on</en>
            <de>Licht an</de>
        </text>
        <text name="action_lightSwitchOFF">
            <en>Lights Off</en>
            <de>Licht aus</de>
        </text>
    </l10n>
</modDesc>
